{
  "project_info": {
    "project_number": "893456482824",
    "firebase_url": "https://conectaiesp.firebaseio.com",
    "project_id": "conectaiesp",
    "storage_bucket": "conectaiesp.appspot.com"
  },
  "client": [
    {
      "client_info": {
        "mobilesdk_app_id": "1:893456482824:android:053bd0fb0dd096100ec7bd",
        "android_client_info": {
          "package_name": "com.pedrocaetano.conectaiesp"
        }
      },
      "oauth_client": [
        {
          "client_id": "893456482824-1kgbhklujlni516j3o8pmo038avp9m37.apps.googleusercontent.com",
          "client_type": 3
        }
      ],
      "api_key": [
        {
          "current_key": "AIzaSyC0W_yqev2_72EbEKnGONQEB8GiRd62LBw"
        }
      ],
      "services": {
        "appinvite_service": {
          "other_platform_oauth_client": [
            {
              "client_id": "893456482824-1kgbhklujlni516j3o8pmo038avp9m37.apps.googleusercontent.com",
              "client_type": 3
            }
          ]
        }
      }
    }
  ],
  "configuration_version": "1"
}